feature,mean,sd,min,max,train_only,range
mean_temp_cluster,20.736325888123012,3.0047536710827423,16.374728260869563,27.101358695652173,TRUE,10.72663043478261
mean_vpd_cluster,0.6887859125936356,0.28233688399992224,0.33984314359864887,1.6937015334778256,TRUE,1.3538583898791767
mean_yield_cluster,9.44583915812963,1.9880070321075924,3.971871804776102,14.22118001731026,TRUE,10.249308212534158
total_precip_mean_cluster,636.0768902439024,133.23158389378185,395.36,1067.36,TRUE,671.9999999999999
total_gdd_mean_cluster,1945.8119664634146,465.3757884307723,1230.8525,2846.94,TRUE,1616.0875
