feature,mean,sd,min,max,range
mean_temp_cluster,20.735467530657747,2.942117126733096,16.374728260869563,27.101358695652173,10.72663043478261
mean_vpd_cluster,0.6850606450374815,0.2573810680444967,0.33984314359864887,1.6937015334778256,1.3538583898791767
mean_yield_cluster,9.414081420629076,2.0233459802381395,3.971871804776102,14.22118001731026,10.249308212534158
total_precip_mean_cluster,627.9561965811965,136.64281633511214,284.72,1067.36,782.6399999999999
total_gdd_mean_cluster,1952.0487713675213,455.7535476162412,1230.8525,2846.94,1616.0875
